aaSeqCDR3	cloneFraction
CATSDPGTSTDTQYF	0.03677430211469065
CASMDANTEAFF	0.03046201596769067
CSASQRQPEAFF	0.01749340912065516
CASSVGQGPTEKLFF	0.013750163603387992
CASSLGLEAFF	0.00880279715049642
CSASRSLRSNTEAFF	0.007628592262962063
CASRMGGGNTEAFF	0.006510479965596545
CASSFAGGSNQPQHF	0.006117831834414673
CASSPRTSGRSSYNEQFF	0.005785015799412898
CATSVEQDSSGNTIYF	0.0057513602453115945
CASSDRVNRNSPLHF	0.004311650430978068
CASSPLPSYEQYF	0.0042443393227754615
CASSAKARGPEEKLFF	0.0038890862517061498
CASSVDVGEQYF	0.0037694220593459606
CASSRDGSFNEKLFF	0.003533833180636838
CARIPGPPRDTQYF	0.0031636220855225023
CASSIDRLQGLENEKLFF	0.003103789989342408
CAIRGTSPEQFF	0.0030327393751285454
CATSRDRRVSGNTIYF	0.0029916048090047305
CASSLNRGNGEQYF	0.002976646784959707
CASSDPLGNTEAFF	0.002916814688779612
CASTTQDLYGYTF	0.0028382850625432382
CASSITPQNTEAFF	0.0028382850625432382
CASSLLAGGGNEQFF	0.0028121085204644465
CSASLAGDAGAYEQYF	0.0027485369182730962
CASSEGLADGANVLTF	0.0026924443281042573
CASSEGWGGPLGEQFF	0.002673746798047978
CASSQSGNTIYF	0.002628872725912907
CASSRDGNNYGYTF	0.0025279060636089973
CASSYSPPWAGANEKLFF	0.0025204270515864855
CASSLGEGNTGELFF	0.002453115943383879
CASSLPSGGINEQFF	0.002404502365237552
CASEQQETQYF	0.002363367799113737
CASSPDSGSMRYGYTF	0.002329712245012434
CASSLPQKETQYF	0.002325972739001178
CSARAAGGADTQYF	0.002325972739001178
CASSLGRSLTEQYF	0.0023110147149561543
CASSPPTVHNSPLHF	0.0022698801488323394
CSASLRRGRMGEQFF	0.0022586616307985717
CASSRRTGFEELFF	0.002198829534618477
CASSPLTSGGASTQYF	0.002198829534618477
CASSQAAGDNSPLHF	0.0021427369444496384
CASSLDFSFTDTQYF	0.002101602378325823
CSARVNPGQGATGELFF	0.0020941233663033113
CASSVYTGFTEAFF	0.002060467812202008
CASRGNTGELFF	0.0020567283061907523
CSVSPGGSSYNEQFF	0.002030551764111961
CASSQGARGTEAFF	0.002011854234055681
CASSESSSGARNEQFF	0.0019894171979881457
CASSQDGPYLEQFF	0.001929585101808051
CASSLSDGSRETQYF	0.0019108875717517716
CASSPVLTGEYEQYF	0.001895929547706748
CASSQDPAGAMKAFF	0.0018622739936054447
CASSLGPDRDEKLFF	0.0018323579455153975
CASSEWANTEAFF	0.0018248789334928857
CASSQADEAFF	0.0018099209094478619
CASNVGGAQETQYF	0.0017874838733803265
CASSEPRDREHSPLHF	0.0017126937531552083
CASSYLAGGSSTDTQYF	0.0016977357291101845
CASTQAAGNTEAFF	0.0016678196810201373
CATSPGQQGDTQYF	0.0016640801750088814
CATSPVSSGDGVGNEQFF	0.0016640801750088814
CATGWASENEQYF	0.0016528616569751137
CSARDRSGQRAETQYF	0.001634164126918834
CASSGDGSNQPQHF	0.0016229456088850663
CASSKEGPTGELFF	0.0016154665968625545
CTLGGAIDTQYF	0.001593029560795019
CASSQHRDEEGDTIYF	0.001589290054783763
CASTFLQGGNTEAFF	0.0015818110427612512
CASSTRIGDTEAFF	0.0015743320307387394
CASSAPGTDTQYF	0.0015219789465811566
CASGWGGEKLFF	0.0014808443804573417
CATSRDKRISGNTIYF	0.0014771048744460858
CASSLGLAGQETQYF	0.0014546678383785502
CASSQELGPNNYEQYF	0.0014434493203447825
CASSVEDRRNTEAFF	0.0014397098143335266
CASSEGVGQPQHF	0.0014097937662434792
CASSSGISGNTIYF	0.001376138212142176
CASSQGDSPLHF	0.0013649196941084084
CASRVTENQPQHF	0.0013574406820858963
CASSYDGPNYGYTF	0.0013387431520296169
CASGLVAPWGGELFF	0.001335003646018361
CASRQEQGAYNEQFF	0.0013088271039395697
CASSYDVQGAGETQYF	0.0013050875979283138
CASSQMDRGLANYGYTF	0.0012751715498382664
CASSLPGLEETQYF	0.001252734513770731
CASSEDGMNTEAFF	0.0012452555017482192
CASSQDTRSYNEQFF	0.001241515995736963
CASSLTGLEKLFF	0.0012377764897257071
CSARDRGSFNYGYTF	0.0012265579716919394
CASSPRQGQSTGELFF	0.0012228184656806835
CASSLALGEGPRGETQYF	0.0012228184656806835
CASSDRTGMREKLFF	0.0012228184656806835
CASSLDRGLGRQPQHF	0.0012153394536581718
CSASEGGIGNTIYF	0.0012153394536581718
CATSPAGGLSYNEQFF	0.0012115999476469159
CASSGGWGVYEQYF	0.00120786044163566
CASSVDVGELFF	0.001204120935624404
CASSETGLYGYTF	0.0011929024175906364
CASSKLNQGQETQYF	0.0011816838995568684
CASSYSIAGGGNTIYF	0.0011667258755118448
CASSEAGSITEAFF	0.001162986369500589
CSAQTSGGGYNEQFF	0.001159246863489333
CASSIEKGTQNFF	0.0011255913093880297
CSARDGLGRTDTQYF	0.0011218518033767738
CAISERPGPNEKLFF	0.001114372791354262
CASRLGTGTNYGYTF	0.0010994147673092384
CASTEGAQSTDTQYF	0.0010994147673092384
CASRGDSSTNEKLFF	0.0010956752612979825
CASTRMGMNTEAFF	0.0010919357552867266
CSARDRARGGELFF	0.0010919357552867266
CAISESRNQVNEQYF	0.0010881962492754707
CASSESLGTQFSYGYTF	0.0010844567432642149
CASSLAGGLDEQYF	0.0010657592132079351
CASSFLQVMNTEAFF	0.0010620197071966792
CAISGLAGANEQFF	0.0010395826711291438
CASRDNSNTEAFF	0.0010208851410728643
CSVSIRGDEQFF	0.0010208851410728643
CASSYTPGQDNSPLHF	0.0010134061290503526
CASSSPLGSGATGANVLTF	0.0010134061290503526
CASSLGQAYTGELFF	9.984481050053287E-4
CASSADRGPKLFF	9.984481050053287E-4
CASSALGGAGELFF	9.90969092982817E-4
CASSREPGQSYEQYF	9.610530448927696E-4
CSGRQTNTEAFF	9.535740328702578E-4
CASSLTIGDEQYF	9.498345268590019E-4
CAITGTWGNTEAFF	9.46095020847746E-4
CSVDNHGEETQYF	9.423555148364901E-4
CSAVRLDRGYDEQYF	9.423555148364901E-4
CASSLMGRGAFF	9.423555148364901E-4
CASSSGNSGYTF	9.386160088252341E-4
CASSYDRGSETQYF	9.348765028139782E-4
CASSLEGGARNGYTF	9.311369968027223E-4
CASSPPGGGTGELFF	9.311369968027223E-4
CASSRQSSYEQYF	9.273974907914664E-4
CASRGNTGELFF	9.273974907914664E-4
CASRSGTGGFSNSPLHF	9.273974907914664E-4
CSAKPPGAGAPTDTQYF	9.273974907914664E-4
CASSFSEDLNTEAFF	9.236579847802105E-4
CSAYGLAGVYNEQFF	9.236579847802105E-4
CSAPLPTPAPEAFF	9.199184787689546E-4
CATRRDLGGSSYNEQFF	9.049604547239309E-4
CASSRTVDTEAFF	8.825234186563955E-4
CASRLGTSGNQPQHF	8.750444066338836E-4
CASSPRGGPVSTDTQYF	8.6008638258886E-4
CASSLSRDRNYGYTF	8.339098405100686E-4
CASRTGGPLTEAFF	8.339098405100686E-4
CSVQKGAGETQYF	8.339098405100686E-4
CASSLGDDLTQETQYF	8.301703344988127E-4
CASSLTPTNTEAFF	8.301703344988127E-4
CSASWGGFEAFF	8.264308284875568E-4
CSARSWYSKNIQYF	8.264308284875568E-4
CSARTSGGAPETQYF	8.264308284875568E-4
CSARAAGGADTQYF	8.264308284875568E-4
CASSLAEGTGELFF	8.226913224763008E-4
CASTLDEGRTEAFF	8.226913224763008E-4
CASSYGGGETQYF	8.15212310453789E-4
CASSELGAVTEAFF	8.15212310453789E-4
CASSQDWRGQETQYF	8.15212310453789E-4
CASSPSTSNEQFF	8.039937924200213E-4
CACGGSYEQYF	7.890357683749976E-4
CASSGIDRGNNEQFF	7.852962623637417E-4
CASSVDVGEQYF	7.74077744329974E-4
CASSFSSGGNTEAFF	7.74077744329974E-4
CASSLRRGSEQYF	7.74077744329974E-4
CASSLSDRGTYGYTF	7.665987323074622E-4
CSVEGGQGTEAFF	7.665987323074622E-4
CASAHRDSPYNEQFF	7.665987323074622E-4
CASREGAQYNEQFF	7.628592262962062E-4
CASSLNQGSRQPQHF	7.591197202849503E-4
CATSRDRRVSGNTIYF	7.591197202849503E-4
CASSQAGQGPYEQYF	7.553802142736944E-4
CASSPGDRGRGEKLFF	7.516407082624385E-4
CASRGLSGGAYNEQFF	7.516407082624385E-4
CSAEDRALRGSEAFF	7.516407082624385E-4
CSARIAGGFSYNEQFF	7.516407082624385E-4
CASSFLGRANSGNTIYF	7.404221902286708E-4
CASSIANRDEQFF	7.404221902286708E-4
CASSLAEPEAGENTEAFF	7.366826842174148E-4
CASSLRSVGTGANVLTF	7.366826842174148E-4
CASRGQGGTEAFF	7.366826842174148E-4
CASFGGRRPTNTGELFF	7.329431782061589E-4
CAISDSGGPTDTQYF	7.254641661836471E-4
CASSAHGPPGRGYTF	7.254641661836471E-4
CASSSRGTDTQYF	7.217246601723912E-4
CASSLELGTSTDTQYF	7.179851541611353E-4
CASSIRDNRNQPQHF	7.179851541611353E-4
CSALPAGRVTEAFF	7.179851541611353E-4
CASRNGNQPQHF	7.067666361273675E-4
CSVSGPGQANTEAFF	7.067666361273675E-4
CSARWEGDTEAFF	7.067666361273675E-4
CASSSKGGSETQYF	7.030271301161116E-4
CASSSRYTARDTEAFF	6.992876241048557E-4
CASSPRLAGADTQYF	6.955481180935998E-4
CASSSRGEGTEAFF	6.88069106071088E-4
CASSLASGNEQYF	6.88069106071088E-4
CASRSGTGGNTIYF	6.88069106071088E-4
CASSSRTGGSGELFF	6.843296000598321E-4
CSASDRADEKLFF	6.843296000598321E-4
CASSFHLRGEDTEAFF	6.843296000598321E-4
CAISRMENSPLHF	6.805900940485762E-4
CASSIGQPPVNEQFF	6.768505880373202E-4
CASSDSPGAKNTEAFF	6.768505880373202E-4
CASSLTWGNSYNEQFF	6.768505880373202E-4
CASIPWGGLVGYTF	6.693715760148084E-4
CASSIARDSTDTQYF	6.656320700035525E-4
CASSQAGGDNSPLHF	6.618925639922966E-4
CASSPRGEGTEAFF	6.581530579810407E-4
CASSLAAGGYPYEQYF	6.469345399472729E-4
CASRLITGTDTQYF	6.43195033936017E-4
CASSLKGAHGYTF	6.43195033936017E-4
CASLLQGVHTEAFF	6.43195033936017E-4
CASSEMTAGNTIYF	6.357160219135052E-4
CATSRDGGNNEQFF	6.357160219135052E-4
CSASPGQRDEKLFF	6.357160219135052E-4
CSARPRLGTGTGVDYGYTF	6.319765159022493E-4
CASSPTGSSNQPQHF	6.319765159022493E-4
CASTQGFQPQHF	6.282370098909934E-4
CASSPRGLAGNNEQFF	6.244975038797375E-4
CASSLDRVEGETQYF	6.207579978684815E-4
CASSVTASYNEQFF	6.207579978684815E-4
CATSTAGAGTEAFF	6.170184918572256E-4
CASSLTGTQFLNTEAFF	6.095394798347138E-4
CASSIDPAGERNEQFF	6.095394798347138E-4
CASSQLSTGVGNTIYF	6.057999738234579E-4
CASSYDGSKDTQYF	6.02060467812202E-4
CASTRTGNGQETQYF	6.02060467812202E-4
CASSLVGLAPNNEQFF	5.983209618009461E-4
CASGPGQGAAPQHF	5.983209618009461E-4
CASSQDPRGAETQYF	5.908419497784342E-4
CASTLGVGRGSVTQYF	5.908419497784342E-4
CASSFSANTGPVYEQYF	5.796234317446665E-4
CASSMQPGNTIYF	5.796234317446665E-4
CASSRTGVRGTGELFF	5.796234317446665E-4
CASSQDRGMPYF	5.796234317446665E-4
CASSPDGGGLKYGYTF	5.758839257334106E-4
CASSYATPGGRPSSGNTIYF	5.721444197221547E-4
CASSEAGTVSEQYF	5.721444197221547E-4
CATLEGVSNQPQHF	5.721444197221547E-4
CASSQRNRRLAGGSRDTQYF	5.684049137108988E-4
CASSLGTSGADTQYF	5.684049137108988E-4
CASSLGSGRDTIYF	5.646654076996429E-4
CASSPTVSTEAFF	5.609259016883869E-4
CASSQGLAGGPRTDTQYF	5.57186395677131E-4
CASSQDGRNSPLHF	5.57186395677131E-4
CASSLGGTNEKLFF	5.497073836546192E-4
CASSLGGTLRDEQFF	5.497073836546192E-4
CASSLNGGLPETQYF	5.459678776433633E-4
CASSVDARGYGNTIYF	5.422283716321074E-4
CASSFLAGTDTQYF	5.422283716321074E-4
CSAREGGWGNTEAFF	5.422283716321074E-4
CASSTGDSNQPQHF	5.347493596095955E-4
CASSDVVGGFLMNTEAFF	5.310098535983396E-4
CSASFSGGWGYTF	5.310098535983396E-4
CASSLRQGRNTEAFF	5.272703475870837E-4
CASSTLAGVEWNTEAFF	5.235308415758278E-4
CASSYPGTGGNQPQHF	5.197913355645719E-4
CASSVGGQSDQPQHF	5.197913355645719E-4
CASSLYETGGLDSPLHF	5.197913355645719E-4
CASNTGGGRQPQHF	5.197913355645719E-4
CASSAPDRGLTEAFF	5.197913355645719E-4
CASSMPHRLNTEAFF	5.197913355645719E-4
CASSLVGTGDEQFF	5.16051829553316E-4
CSAIRDKGDTQYF	5.16051829553316E-4
CASSDPDRILEAFF	5.123123235420601E-4
CASSQQSGSNTGELFF	5.123123235420601E-4
CASSFGEKLFF	5.085728175308042E-4
CASSWDNRRANVLTF	5.048333115195482E-4
CASSIAAGGAKNIQYF	5.048333115195482E-4
CASSQSRLAGRPQYF	5.048333115195482E-4
CASSEAGFSTDTQYF	5.010938055082923E-4
CASSLGGGRSNQPQHF	5.010938055082923E-4
CASSWTGGDTEAFF	5.010938055082923E-4
CASSLARDLDNEQFF	5.010938055082923E-4
CASSPDSGGLGGELFF	5.010938055082923E-4
CASSPSDRATNEKLFF	5.010938055082923E-4
CASRELGQATNEQFF	5.010938055082923E-4
CASSIRAEENEKLFF	4.973542994970364E-4
CASSLGLAVPTGNEQFF	4.898752874745246E-4
CASSLSFGGDTEAFF	4.898752874745246E-4
CASITGGSQNIQYF	4.8239627545201277E-4
CASTPPGQGIVGYTF	4.8239627545201277E-4
CASSVDGVNTGELFF	4.7865676944075687E-4
CASSLGGAGTEAFF	4.7865676944075687E-4
CASSLERGTYEQYF	4.7865676944075687E-4
CATSREGRNYGYTF	4.7865676944075687E-4
CASLERGYTDTQYF	4.7117775741824507E-4
CASSPGQGASYEQYF	4.7117775741824507E-4
CSARVLSSGGAQQFF	4.674382514069891E-4
CSVDRGVGQPQHF	4.674382514069891E-4
CASNRGTGETQYF	4.599592393844773E-4
CASSVATSGLVDEQFF	4.562197333732214E-4
CASSQQGMGPSYGYTF	4.562197333732214E-4
CASSLDSGGFLGELFF	4.562197333732214E-4
CASQKGQSSGNTIYF	4.5248022736196547E-4
CATSRDRGMNTEAFF	4.4874072135070957E-4
CASSESRGEQETQYF	4.4126170932819777E-4
CASSLKQGPSYEQYF	4.4126170932819777E-4
CASSQSSRAHGNTIYF	4.4126170932819777E-4
CASSYPSEGSYEQYF	4.4126170932819777E-4
CASSNQGGNTIYF	4.375222033169418E-4
CASSLLDAGGSPYEQYF	4.3004319129443E-4
CATSRDGGNNEQFF	4.3004319129443E-4
CASTNRGTNTGELFF	4.3004319129443E-4
CASSIDGSGELNEQFF	4.3004319129443E-4
CASSRLPPLEDTQYF	4.3004319129443E-4
CSARGTSGGSNTGELFF	4.3004319129443E-4
CASSAGQGHPYEQYF	4.2630368528317407E-4
CASSLQDSGEQYF	4.2630368528317407E-4
CASSDWGLSAAGSPLHF	4.2630368528317407E-4
CASSPIGTPGYSPLHF	4.2630368528317407E-4
CSVEPTSGNEQFF	4.2630368528317407E-4
CASSLGVNYNEQFF	4.2256417927191817E-4
CASSPWDGPMNTEAFF	4.2256417927191817E-4
CASSDPKTGGLTDTQYF	4.2256417927191817E-4
CASSLILNPGEGGYTF	4.1882467326066227E-4
CASGSPSSYEQYF	4.1882467326066227E-4
CASVDRGYNEQFF	4.1508516724940637E-4
CASSDPTGLNTEAFF	4.1508516724940637E-4
CASSLTGTLPHF	4.1508516724940637E-4
CASSQERTGGGHGYTF	4.1508516724940637E-4
CASSPWTGENNEQFF	4.113456612381504E-4
CASSRGRTPNEKLFF	4.113456612381504E-4
CSATLDSHTQETQYF	4.113456612381504E-4
CASSLYSGDRDSPLHF	4.076061552268945E-4
CATSQAWGGEETQYF	4.076061552268945E-4
CASSLENYPQETQYF	4.038666492156386E-4
CASSPVAQYEQYF	4.038666492156386E-4
CASSSQGAGSYGYTF	4.038666492156386E-4
CASTPAGGITEAFF	4.038666492156386E-4
CASNERLSNTIYF	4.038666492156386E-4
CASSPRDGAYEQYF	4.001271432043827E-4
CASSRDGSVGIEEKLFF	3.9638763719312677E-4
CSASLVGGGLTQYF	3.9638763719312677E-4
CASSADRATYTGELFF	3.9264813118187087E-4
CSVEDGSYEQYF	3.9264813118187087E-4
CASSITRNTEAFF	3.9264813118187087E-4
CASGPEGAGTYNEQFF	3.9264813118187087E-4
CATSRGGTHYEQFF	3.8890862517061497E-4
CASSLAGTGGSPLHF	3.8890862517061497E-4
CASSIRSSYEQYF	3.8890862517061497E-4
CASSPLGAGAEAFF	3.8516911915935907E-4
CASRIDSSYEQYF	3.814296131481031E-4
CSARDGKGTTEAFF	3.814296131481031E-4
CASSVADGGDTEAFF	3.776901071368472E-4
CASSLWTGQNEQYF	3.776901071368472E-4
CASSEDGMNTEAFF	3.739506011255913E-4
CASSLVAAGGPGDEQFF	3.739506011255913E-4
CASSQISWGGFYEQFF	3.739506011255913E-4
CASSYESGAGTQYF	3.739506011255913E-4
CATGTGPSEQYF	3.702110951143354E-4
CASSPRGSMEYQETQYF	3.6647158910307946E-4
CATSGGGFGYGYTF	3.6647158910307946E-4
CASSYSRQPSYEQYF	3.6647158910307946E-4
CASSHLGDGEQKLFF	3.6647158910307946E-4
CSARDLSGANVLTF	3.6647158910307946E-4
CASSPTDSGLAGYTF	3.6273208309182357E-4
CASRATGYYGYTF	3.6273208309182357E-4
CSAGGLVAKTQYF	3.6273208309182357E-4
CSARDQSRDTGELFF	3.6273208309182357E-4
CASSSAGTGAEKLFF	3.5899257708056767E-4
CASSTDSGGILSPLHF	3.5899257708056767E-4
CAIRTSGDTDTQYF	3.5899257708056767E-4
CASSADRGPSAFF	3.5899257708056767E-4
CASSTGQHYEQYF	3.5899257708056767E-4
CASSTPRLTGTGSKNEQFF	3.5899257708056767E-4
CASSGSRETQYF	3.5525307106931177E-4
CASIPGTGGRETQYF	3.515135650580558E-4
CASSQGPPSDYEQYF	3.515135650580558E-4
CSARDLHSGTGNTEAFF	3.515135650580558E-4
CASSLGGSSNEKLFF	3.515135650580558E-4
CASSQAGEDNSPLHF	3.515135650580558E-4
CASSVDGGRTEAFF	3.477740590467999E-4
CASSVRDPNNEQFF	3.477740590467999E-4
CASSYSSGGTETQYF	3.477740590467999E-4
CASSLSGVGETQYF	3.477740590467999E-4
CASSLVVAGGPGDEQFF	3.44034553035544E-4
CASRPPGASSYEQYF	3.44034553035544E-4
CSAPRTGAEAFF	3.402950470242881E-4
CSASHSFNQPQHF	3.402950470242881E-4
CASSPGSTSTNEKLFF	3.3655554101303216E-4
CASSPSSGGAEGETQYF	3.3655554101303216E-4
CASSPPSGFNEQFF	3.3655554101303216E-4
CASRPSGGAYEQYF	3.3655554101303216E-4
CATSDFPPPGNTEAFF	3.3655554101303216E-4
CATSDRTVEQYF	3.3655554101303216E-4
CASSLGTEQYF	3.3655554101303216E-4
CASTSGSEQYF	3.3655554101303216E-4
CSARDAVRVDRSGNTIYF	3.3655554101303216E-4
CASSLTTGGYEAFF	3.3281603500177626E-4
CATSREGGPYEQYF	3.3281603500177626E-4
CASIDGGLNTEAFF	3.3281603500177626E-4
CASSLGGVQGRQETQYF	3.2907652899052037E-4
CASSETGASSGNTIYF	3.2907652899052037E-4
CASSQRSQVNTEAFF	3.2907652899052037E-4
CASSEATGVGTEAFF	3.2533702297926447E-4
CASRVGVSGYGYTF	3.2533702297926447E-4
CASSTYAGSDTEAFF	3.2533702297926447E-4
CASSLGDSWGETQYF	3.215975169680085E-4
CASSPYGAGNTEAFF	3.215975169680085E-4
CATSFRGPGNTEAFF	3.215975169680085E-4
CASNYAPKERVSNEKLFF	3.215975169680085E-4
CASSFQSSGNTIYF	3.215975169680085E-4
CASSQTGRYTF	3.215975169680085E-4
CASSEPGTGQETQYF	3.178580109567526E-4
CSASGQSYEQYF	3.178580109567526E-4
CSARATGRETQYF	3.178580109567526E-4
CASTNRGNNSPLHF	3.141185049454967E-4
CASGRGSMDYEQYF	3.141185049454967E-4
CASRVQGNQPQHF	3.1037899893424076E-4
CANSKTNTGELFF	3.0663949292298486E-4
CASSQVAGSSYEQYF	3.0663949292298486E-4
CASSQSRAGLNTEAFF	3.0663949292298486E-4
CASSEAEENTEAFF	3.0663949292298486E-4
CASSPDRFHEQFF	3.0663949292298486E-4
CANQAGGADTQYF	3.0663949292298486E-4
CASSQDNSYEQYF	3.0663949292298486E-4
CASSVRDNSYNEQFF	3.0663949292298486E-4
CASTAQPFSNYGYTF	3.0663949292298486E-4
CASSLWPRTYEQYF	3.0663949292298486E-4
CASALSGTTSYNEQFF	3.0289998691172896E-4
CASRGPSGDTQYF	3.0289998691172896E-4
CASSTRGGGYTF	3.0289998691172896E-4
CSASFAGVNNEQFF	3.0289998691172896E-4
CSASPPGGGDNTYEQYF	3.0289998691172896E-4
CASSDMGAGHEAFF	2.9916048090047306E-4
CSVPGLKAYEQYF	2.9916048090047306E-4
CASSGGGIAGVYNEQFF	2.9916048090047306E-4
CASSQDGYGTSGADEQFF	2.9916048090047306E-4
CSASISGGFGNTQYF	2.9916048090047306E-4
CASSLMVGTGGTDTQYF	2.954209748892171E-4
CASSQSPGTVNTEAFF	2.954209748892171E-4
CASSNRGRNSPLHF	2.954209748892171E-4
CASRGQAGELFF	2.954209748892171E-4
CSALSGDTEAFF	2.954209748892171E-4
CSAPGGGWEQYF	2.954209748892171E-4
CASSRETGRGTEAFF	2.916814688779612E-4
CASSSTPFGGHVTEAFF	2.916814688779612E-4
CAIRDPQGGETQYF	2.916814688779612E-4
CASSRGLAGQETQYF	2.916814688779612E-4
CASSQQWGTEAFF	2.916814688779612E-4
CASSLQIGDTEAFF	2.879419628667053E-4
CASSSSGGGADTQYF	2.879419628667053E-4
CASSLDGGSYNEQFF	2.879419628667053E-4
CASSPSGLGVTYGYTF	2.879419628667053E-4
CASSPSRTGELFF	2.879419628667053E-4
CASSLIGGAGNTIYF	2.879419628667053E-4
CASSLRTGGSQPQHF	2.879419628667053E-4
CASRSGNTEAFF	2.842024568554494E-4
CASSFGLPRGKLFF	2.8046295084419346E-4
CASSLPTSGADTQYF	2.8046295084419346E-4
CASSVLAGGQETQYF	2.8046295084419346E-4
CSVGAGGASNEQFF	2.8046295084419346E-4
CSARDLHGNTEAFF	2.8046295084419346E-4
CASSGPLSEGKTQYF	2.7672344483293756E-4
CASSLDINLDYEQYF	2.7672344483293756E-4
CASRRAMDRGSGNTIYF	2.7672344483293756E-4
CASSPSSGQDYGYTF	2.7672344483293756E-4
CSVEGPGGNTGELFF	2.7672344483293756E-4
CSAPRTGAEAFF	2.7672344483293756E-4
CASSQLAEETQYF	2.7672344483293756E-4
CASMAPGVRETQYF	2.7298393882168166E-4
CATSDGQASSSYNEQFF	2.7298393882168166E-4
CASSIQDGDTQYF	2.7298393882168166E-4
CASSIGRRESYEQYF	2.7298393882168166E-4
CASSTLQGAGTEAFF	2.7298393882168166E-4
CASSQDNRKATEAFF	2.7298393882168166E-4
CASSRSGGDEKLFF	2.6924443281042576E-4
CASSSDLLAGGHYNEQFF	2.6924443281042576E-4
CATSTSPGYTEAFF	2.6924443281042576E-4
CASSDGVGQGLAKNIQYF	2.6924443281042576E-4
CASSERGHQNTEAFF	2.6924443281042576E-4
CSARRGGSADPVYTF	2.6924443281042576E-4
CASSQDVGTRLFF	2.6924443281042576E-4
CASSLGVGTGEAFF	2.655049267991698E-4
CASSSDRGAYNEQFF	2.655049267991698E-4
CASSIKLGTDTQYF	2.655049267991698E-4
CASTPPEGAVYGYTF	2.655049267991698E-4
CASSPDSGGLYNEQFF	2.617654207879139E-4
CASSTDSPFQETQYF	2.617654207879139E-4
CASSLAGTPDTEAFF	2.617654207879139E-4
CASRGQNKMGQPQHF	2.617654207879139E-4
CASSLAPVNTEAFF	2.617654207879139E-4
CASSPGSNGNQPQHF	2.617654207879139E-4
CASIPQGQGVIRTEAFF	2.617654207879139E-4
CARGPGGYQPQHF	2.617654207879139E-4
CSARQGSGNTIYF	2.617654207879139E-4
CASSHANFGTGTAEAFF	2.617654207879139E-4
CASSQGLAGAGDF	2.617654207879139E-4
CASSEPLAGPEQYF	2.58025914776658E-4
CASRGDRGVQGPQHF	2.58025914776658E-4
CASSPGTARGEAFF	2.58025914776658E-4
CASSLALGQGSEQYF	2.58025914776658E-4
CASSRRQGVETGELFF	2.58025914776658E-4
CATSRAGILYEQYF	2.58025914776658E-4
CASSYSLAGLYEQYF	2.58025914776658E-4
CATNYDPPDTQYF	2.58025914776658E-4
CSAFGQGGSSYEQYF	2.58025914776658E-4
CSARLDIYSPLHF	2.58025914776658E-4
CASSFSGGNTGELFF	2.542864087654021E-4
CASSWLLAGQQETQYF	2.542864087654021E-4
CASSWGGQIYGYTF	2.5054690275414616E-4
CASSPFTSGGSGETQYF	2.5054690275414616E-4
CASMREGNTEAFF	2.5054690275414616E-4
CSASPGTSGGRWEQYF	2.5054690275414616E-4
CAGWGESYNEQFF	2.4680739674289026E-4
CASSLGGAKNTEAFF	2.4680739674289026E-4
CASLQGTEAFF	2.4680739674289026E-4
CASSYSGSGNEQFF	2.4680739674289026E-4
CASSQQCPSIRTEAFF	2.4680739674289026E-4
CASSQGGGDREKLFF	2.4680739674289026E-4
CASSYGPTSRYSNQPQHF	2.4306789073163436E-4
CASSGVESGPQETQYF	2.4306789073163436E-4
CASSEQSGTEAFF	2.4306789073163436E-4
CASSFVPPSGANVLTF	2.4306789073163436E-4
CASSGGPGNTIYF	2.4306789073163436E-4
CASRPTGANYGYTF	2.4306789073163436E-4
CASSKETGETGELFF	2.4306789073163436E-4
CASSIGGGFYTEAFF	2.4306789073163436E-4
CASSQDRVYEQYF	2.4306789073163436E-4
CASSRQGGSGNTIYF	2.4306789073163436E-4
CASSVVGAGEITDTQYF	2.3932838472037843E-4
CASSLKEASDGNTIYF	2.3932838472037843E-4
CASSKAGRRDGYTF	2.3932838472037843E-4
CSARAGQGTKETQYF	2.3932838472037843E-4
CSAREVRGGELFF	2.3932838472037843E-4
CASSPTGVTGNTIYF	2.3932838472037843E-4
CASRVGEGVAEAFF	2.3558887870912254E-4
CASGQGAGSPLHF	2.3558887870912254E-4
CASSSPGLAGYEQYF	2.3558887870912254E-4
CASSQEMGAFEQYF	2.3558887870912254E-4
CASSAAAGEQPYEQYF	2.3558887870912254E-4
CASSQVQGYGEQYF	2.3558887870912254E-4
CASSISGGRNEQFF	2.3558887870912254E-4
CSGGGTAGTQYF	2.3558887870912254E-4
CSAQLGRGTTDTQYF	2.3558887870912254E-4
CASSATGQSNTEAFF	2.318493726978666E-4
CASSSDRISNQPQHF	2.318493726978666E-4
CASSFGRAFRTDTQYF	2.318493726978666E-4
CASQAGVDSSTNEKLFF	2.318493726978666E-4
CAIDERRGGADTQYF	2.318493726978666E-4
CASSYFMNTEAFF	2.318493726978666E-4
CASSYDSAGAGQGYTF	2.318493726978666E-4
CASRPTGVGNEQYF	2.318493726978666E-4
CSGRTGNTGELFF	2.318493726978666E-4
CASSISPTGAKETQYF	2.318493726978666E-4
CASSIGRRENTEAFF	2.318493726978666E-4
CASSIARDSQETQYF	2.318493726978666E-4
CSARGGRVGQPQHF	2.318493726978666E-4
CASMTRGAYEQYF	2.281098666866107E-4
CASSTGGDTRLEQYF	2.281098666866107E-4
CASSLDTRNTGELFF	2.281098666866107E-4
CASSLELAGGRDTQYF	2.281098666866107E-4
CASSLHTQDEKLFF	2.281098666866107E-4
CASSLAMGPGETQYF	2.281098666866107E-4
CASRLAGSTDTQYF	2.281098666866107E-4
CASSPLQVSGNQPQHF	2.281098666866107E-4
CASRAWGDSQETQYF	2.281098666866107E-4
CASSPANYEQYF	2.281098666866107E-4
CASIPPTHPRPISQPQHF	2.281098666866107E-4
CSAIFVGNTIYF	2.281098666866107E-4
CSARSQGQASGTQYF	2.281098666866107E-4
CSALEVGTEAFF	2.281098666866107E-4
CASSQVNTNTGELFF	2.281098666866107E-4
CASILQGTYNYGYTF	2.2437036067535478E-4
CASSLAGPQGRSDTQYF	2.2437036067535478E-4
CASSRSGANTGELFF	2.2437036067535478E-4
CASSTADSQEKLFF	2.2437036067535478E-4
CASSYNRVGSYEQYF	2.2437036067535478E-4
CASSFPHQKGPDNSPLHF	2.2437036067535478E-4
CANSSGISGNTIYF	2.2437036067535478E-4
CASSISTSPGELFF	2.2437036067535478E-4
CSARDQVGGRDEQFF	2.2437036067535478E-4
CASGPGAGDLAQHF	2.2437036067535478E-4
CASSVESSEETQYF	2.2063085466409889E-4
CASSLAVGDYEQYF	2.2063085466409889E-4
CASSPGTGGKIDGYTF	2.2063085466409889E-4
CASSPREGQGIEAFF	2.2063085466409889E-4
CASTRGQGLEAFF	2.2063085466409889E-4
CASSSGGQFFYEQYF	2.2063085466409889E-4
CASTYGGDRNEQFF	2.2063085466409889E-4
CSARDPGGHNQPQHF	2.2063085466409889E-4
CSARPRGRNYGYTF	2.2063085466409889E-4
CSAEIGAYEQYF	2.2063085466409889E-4
CASSLAHYREAFF	2.2063085466409889E-4
CASSVSFQNTEAFF	2.1689134865284296E-4
CSANTNPNTEAFF	2.1689134865284296E-4
CATSDWGAEDTQYF	2.1689134865284296E-4
CSARDSNQPQHF	2.1689134865284296E-4
CSARDGSSPGELFF	2.1689134865284296E-4
CAISVIETSYEQYF	2.1689134865284296E-4
CASSDLWTSLNNEQFF	2.1315184264158703E-4
CASSEPGHEQYF	2.1315184264158703E-4
CASSPGAVGTGELFF	2.1315184264158703E-4
CASRNSGEETQYF	2.1315184264158703E-4
CASSLGGSGISYGYTF	2.1315184264158703E-4
CASSPRLSSGNTIYF	2.1315184264158703E-4
CASSIGTGGYQETQYF	2.1315184264158703E-4
CSAGLSSGGDNSNQPQHF	2.1315184264158703E-4
CSARALGQGSTDTQYF	2.1315184264158703E-4
CASSQDRRNQPQHF	2.1315184264158703E-4
CASRLQEKQETQYF	2.0941233663033113E-4
CASLGGGPGETQYF	2.0941233663033113E-4
CASSQGGYQPQHF	2.0941233663033113E-4
CASSIGGSGNTIYF	2.0941233663033113E-4
CASSMPQGREQYF	2.0941233663033113E-4
CATDRGSTEAFF	2.0941233663033113E-4
CASSPSSGAVNNEQFF	2.0941233663033113E-4
CASSQGAGEAFF	2.0941233663033113E-4
CASGLVQSRGYTF	2.0941233663033113E-4
CASRVTGQGEAFF	2.0941233663033113E-4
CASSLGVQGRSTDTQYF	2.056728306190752E-4
CASSLLPLNTEAFF	2.056728306190752E-4
CASSLGGPGQPQHF	2.056728306190752E-4
CASRLVQDRGVGGELFF	2.056728306190752E-4
CATSRDPGFGEIQYF	2.056728306190752E-4
CASSPGLANEKLFF	2.056728306190752E-4
CASSESLGGEQYF	2.056728306190752E-4
CAISREGVGQDTEAFF	2.056728306190752E-4
CASRPGRRRNTEAFF	2.056728306190752E-4
CASSNRQDYGYTF	2.056728306190752E-4
CASSSWTGGNGYTF	2.056728306190752E-4
CASSRPGSGDPRNTIYF	2.056728306190752E-4
CASLTQGAHTEAFF	2.056728306190752E-4
CASRFGQPYGYTF	2.056728306190752E-4
CSAGTGGLEAFF	2.056728306190752E-4
CASSVPGQGFANEQFF	2.056728306190752E-4
CASSLEGASTDTQYF	2.019333246078193E-4
CASSLDSGGLLGEQYF	2.019333246078193E-4
CASSERQTMNTEAFF	2.019333246078193E-4
CASSPGPHQPQHF	2.019333246078193E-4
CASSPGDSGNTIYF	2.019333246078193E-4
CASSMGAGLPYSNQPQHF	2.019333246078193E-4
CASSIPGAWGDTQYF	2.019333246078193E-4
CASKVQGLEDTQYF	2.019333246078193E-4
CSAMKDPSYGYTF	2.019333246078193E-4
CSASTPLGTEAFF	2.019333246078193E-4
CSARMTSGEVDTQYF	2.019333246078193E-4
CSAPEPEAWSEAFF	2.019333246078193E-4
CSARRGHEQYF	2.019333246078193E-4
CASRLGTSDNQPQHF	1.9819381859656338E-4
CASSPRKGDAGELFF	1.9819381859656338E-4
CASSEFGTGREKLFF	1.9819381859656338E-4
CASSLWTDQETQYF	1.9819381859656338E-4
CASSYSGTGTNEQFF	1.9819381859656338E-4
CASSQEAQGTDTQYF	1.9819381859656338E-4
CASSSPGGTEAFF	1.9819381859656338E-4
CASRDRTNTGELFF	1.9819381859656338E-4
CSASLRGGFDNEQFF	1.9819381859656338E-4
CSARDQTGNGYTF	1.9819381859656338E-4
CASSQRQGNGYTF	1.9819381859656338E-4
CARGSENTEAFF	1.9819381859656338E-4
CASTRGGAGGELFF	1.9445431258530748E-4
CASRESTSSTDTQYF	1.9445431258530748E-4
CASSLIAGPSTDTQYF	1.9445431258530748E-4
CASSFPRGGRRNEQFF	1.9445431258530748E-4
CATSRESPQRGVGGELFF	1.9445431258530748E-4
CASSRTKLEAFF	1.9445431258530748E-4
CASSPWDRAYEQYF	1.9445431258530748E-4
CASRAGTPNSPLHF	1.9445431258530748E-4
CASSGLARNEQFF	1.9445431258530748E-4
CSVEDRRYEKLFF	1.9445431258530748E-4
CSATDRADTEAFF	1.9445431258530748E-4
CASSMTDTQYF	1.9445431258530748E-4
CASSISRGNSPLHF	1.9445431258530748E-4
CASSIVRGAGYNEQFF	1.9445431258530748E-4
CSASGDRTVMNTEAFF	1.9445431258530748E-4
CSARDQGLYEQYF	1.9445431258530748E-4
CSAREPRGLYGYTF	1.9445431258530748E-4
CATSVLTGATDTQYF	1.9071480657405156E-4
CATSPLVDGSYEQYF	1.9071480657405156E-4
CASSPGRDPYEQYF	1.9071480657405156E-4
CARPSPPKGPQHF	1.9071480657405156E-4
CASSEAQGLIEAFF	1.9071480657405156E-4
CASSPGTGTEAFF	1.9071480657405156E-4
CASSPPETGSSPLHF	1.9071480657405156E-4
CSVTTGNTEAFF	1.9071480657405156E-4
CSGVTGMGTEAFF	1.9071480657405156E-4
CASSQDTWEGTEAFF	1.9071480657405156E-4
CASSPRRTGAQETQYF	1.9071480657405156E-4
CASSIEGKGADTQYF	1.9071480657405156E-4
CASSIRGQNNEQFF	1.9071480657405156E-4
CASTDGRPQETQYF	1.9071480657405156E-4
CSAGSGVDTDTQYF	1.9071480657405156E-4
CSARPAGGLETQYF	1.9071480657405156E-4
CASSPGQASNQPQHF	1.9071480657405156E-4
CASRRQGSGTGELFF	1.9071480657405156E-4
CASSPQWAGAHSPLHF	1.9071480657405156E-4
CASRRGLRNSPLHF	1.8697530056279566E-4
CASSSDGMNTEAFF	1.8697530056279566E-4
CASRDTVLAGKETQYF	1.8697530056279566E-4
CASSQETTANSPLHF	1.8697530056279566E-4
CASSGQAGATEAFF	1.8697530056279566E-4
CASSETGSVGRTQYF	1.8697530056279566E-4
CASSLSGGQPEAFF	1.8697530056279566E-4
CASSSGISGNTIYF	1.8697530056279566E-4
CATLTGGVSNQPQHF	1.8697530056279566E-4
CASRIRAAGYTF	1.8697530056279566E-4
CASSSSGQGFSYEQYF	1.8697530056279566E-4
CASSSSTGSHGYTF	1.8697530056279566E-4
CASSSYQGTEAFF	1.8697530056279566E-4
CASSPLDSGGSTDTQYF	1.8323579455153973E-4
CASSSGTGDYEQYF	1.8323579455153973E-4
CASSLGASGGAETQYF	1.8323579455153973E-4
CATSRVVGGIQETQYF	1.8323579455153973E-4
CASSLSRQGGGELFF	1.8323579455153973E-4
CASSRRQGAELSSGNTIYF	1.8323579455153973E-4
CASSEIQGSGEKLFF	1.8323579455153973E-4
CSVDLTLPGGAYEQYF	1.8323579455153973E-4
CASSPLQGYGYTF	1.8323579455153973E-4
CASSPQGSSYNEQFF	1.8323579455153973E-4
CASSPGRAAGELFF	1.8323579455153973E-4
CASSIRSSYEQYF	1.8323579455153973E-4
CSARETVYGYTF	1.8323579455153973E-4
CSARRTVSSGNTIYF	1.8323579455153973E-4
CASSQGQGTVLTF	1.8323579455153973E-4
CASGIGQGEGEKLFF	1.8323579455153973E-4
CASSLASGPKNIQYF	1.7949628854028383E-4
CATSRDPRQGYNEQFF	1.7949628854028383E-4
CASSWGDFSYEQYF	1.7949628854028383E-4
CASTLTSGGEQYF	1.7949628854028383E-4
CATTAGTGRSVEQFF	1.7949628854028383E-4
CASSLALPDDYGYTF	1.7949628854028383E-4
CASSWGWQTEAFF	1.7949628854028383E-4
CASSARGAGSYEQYF	1.7949628854028383E-4
CASSIPFLGGSNQPQHF	1.7949628854028383E-4
CASTSLYRGNYEKLFF	1.7949628854028383E-4
CSARVSPVNTEAFF	1.7949628854028383E-4
CSARDPPDTQYF	1.7949628854028383E-4
CASSPTREETQYF	1.7949628854028383E-4
CASSHGTGTDTQYF	1.7949628854028383E-4
CASSPYREEETQYF	1.757567825290279E-4
CARSLGPFSPNTGELFF	1.757567825290279E-4
CATSWASGGAETQYF	1.757567825290279E-4
CASRDRSNTGELFF	1.757567825290279E-4
CASSLGGRGGNEQFF	1.757567825290279E-4
CSARAGTMTYEQYF	1.757567825290279E-4
CSARERGDADTQYF	1.757567825290279E-4
CSANSGLAGTSTDTQYF	1.757567825290279E-4
CSEGGRTNTEAFF	1.757567825290279E-4
CASSREDRGRKTTEAFF	1.757567825290279E-4
CASTEAVASTGELFF	1.757567825290279E-4
CASSRDSYNEQFF	1.757567825290279E-4
CSARGVWLGTGLEPPYGYTF	1.757567825290279E-4
CASSYATPGGLEQYF	1.72017276517772E-4
CASSLGRGGRNTIYF	1.72017276517772E-4
CASSRQENTEAFF	1.72017276517772E-4
CASSSHGGEQFF	1.72017276517772E-4
CASSSNLVRSNNEQYF	1.72017276517772E-4
CASRWGEETQYF	1.72017276517772E-4
CASSELGTSGGTRVEQFF	1.72017276517772E-4
CSVGGRGLTEAFF	1.72017276517772E-4
CSVGTSGGAAKNIQYF	1.72017276517772E-4
CATSDPRTNTDTQYF	1.72017276517772E-4
CASSVSRPPQAFF	1.72017276517772E-4
CASASPGEETQYF	1.72017276517772E-4
CASSWGIGAYEKLFF	1.72017276517772E-4
CASSQDLRGNSPLHF	1.72017276517772E-4
CASSLNMDSYNEQFF	1.72017276517772E-4
CASSIGRGPNQPQHF	1.72017276517772E-4
CASSIDGSGEYNEQFF	1.72017276517772E-4
CASSITQGSYQPQHF	1.72017276517772E-4
CASSNEGNTEAFF	1.72017276517772E-4
CSASWDSGTQETQYF	1.72017276517772E-4
CSASLLAALNIQYF	1.72017276517772E-4
CSARDSSSGGSTDTQYF	1.72017276517772E-4
CSAKPQGMDSPLHF	1.72017276517772E-4
CASYTGTEAFF	1.72017276517772E-4
CASSPIVRQGVGSEQYF	1.72017276517772E-4
CASSQDKGVMAPGYGYTF	1.72017276517772E-4
CASSSLGTSGGAPDTQYF	1.6827777050651608E-4
CASSAGLAGKFQGAGELFF	1.6827777050651608E-4
CASSGLAGRDTQYF	1.6827777050651608E-4
CASSPGWNYGYTF	1.6827777050651608E-4
CASSSSLLAGGQYF	1.6827777050651608E-4
CASSYSGTGGSGGYTF	1.6827777050651608E-4
CASSYQGRSYEQYF	1.6827777050651608E-4
CASSDRGVSGANVLTF	1.6827777050651608E-4
CASSPPEKLTDTQYF	1.6827777050651608E-4
CASSHPGQGFADTQYF	1.6827777050651608E-4
CASSARPSHVEQFF	1.6453826449526018E-4
CASTFSTAPRGYTF	1.6453826449526018E-4
CASSPPSVQMRRTEAFF	1.6453826449526018E-4
CASSFAGTGVDEQFF	1.6453826449526018E-4
CASSLLGGPTGANVLTF	1.6453826449526018E-4
CAISGGQFGTDTQYF	1.6453826449526018E-4
CSVEEIGRPETQYF	1.6453826449526018E-4
CSVEERDRVDEQYF	1.6453826449526018E-4
CASSFSEDLNTEAFF	1.6453826449526018E-4
CASHRRAYEQYF	1.6453826449526018E-4
CASSPLGGVTNEKLFF	1.6453826449526018E-4
CASSLKGFRQPQHF	1.6453826449526018E-4
CASSSGGTEAFF	1.6453826449526018E-4
CASSPRVAGGLEDTQYF	1.6453826449526018E-4
CASRPEHLNTEAFF	1.6453826449526018E-4
CASTSSGTTNEKLFF	1.6453826449526018E-4
CASNPGPYPNYGYTF	1.6453826449526018E-4
CSARDSGSNEKLFF	1.6453826449526018E-4
CSARLVNTDTQYF	1.6453826449526018E-4
CASNSPSLSADRDKWNTIYF	1.6453826449526018E-4
CASSGGGAYNEQFF	1.6079875848400426E-4
CASSLAGTPDTEAFF	1.6079875848400426E-4
CASSFLGVTDTQYF	1.6079875848400426E-4
CATSRDLSGAGTEAFF	1.6079875848400426E-4
CANREGAQYNEQFF	1.6079875848400426E-4
CASSLRDSSTNEKLFF	1.6079875848400426E-4
CASSPRVSDRTEAFF	1.6079875848400426E-4
CASSHRDRVFEQYF	1.6079875848400426E-4
CASEGGSTDTQYF	1.6079875848400426E-4
CASSYSSPSRPRAYEQYF	1.6079875848400426E-4
CASSYPPNSARTEAFF	1.6079875848400426E-4
CASSEVETNTGELFF	1.6079875848400426E-4
CASSEAASDHNTEAFF	1.6079875848400426E-4
CASSERLRDTEAFF	1.6079875848400426E-4
CASRLDNSYNSPLHF	1.6079875848400426E-4
CSVEMDSYEQYF	1.6079875848400426E-4
CASSMRGANTEAFF	1.6079875848400426E-4
CATGLHTDTQYF	1.6079875848400426E-4
CSALDVGGTSWMNTEAFF	1.6079875848400426E-4
CSARRSGDQETQYF	1.6079875848400426E-4
CSARDHQAITVHEQYF	1.6079875848400426E-4
CSAKQGARSEAFF	1.6079875848400426E-4
CASSLWTSGPETQYF	1.6079875848400426E-4
CASSLWTGAYEQYF	1.5705925247274836E-4
CASSQSLKSGTSRGNEQFF	1.5705925247274836E-4
CASSSNGGAFF	1.5705925247274836E-4
CASSDPTSLHNEQFF	1.5705925247274836E-4
CASSEASQIQGYTF	1.5705925247274836E-4
CASSEAREKLFF	1.5705925247274836E-4
CASSPGQGWTEAFF	1.5705925247274836E-4
CASNRGRNTEAFF	1.5705925247274836E-4
CSGPDPDHGNTIYF	1.5705925247274836E-4
CASSFPGTASSYNEQFF	1.5705925247274836E-4
CASSPLTGGRPFF	1.5705925247274836E-4
CASSIESPTYGYTF	1.5705925247274836E-4
CASSIETGRNTIYF	1.5705925247274836E-4
CASSQGGSGEQYF	1.5705925247274836E-4
CATLQGTTEAFF	1.5705925247274836E-4
CSVLIAGGRRSYNEQFF	1.5705925247274836E-4
CSARSRDRGGHEQFF	1.5705925247274836E-4
CSARDSGDSTDTQYF	1.5705925247274836E-4
CSAYSGLKAKADTQYF	1.5705925247274836E-4
CASSLQPGTITYEQYF	1.5705925247274836E-4
CASSRDSFTYEQYF	1.5705925247274836E-4
CASGGLNTGELFF	1.5705925247274836E-4
CASSFGGYRAFF	1.5331974646149243E-4
CASSVGRAMNTEAFF	1.5331974646149243E-4
CASTRDTGELFF	1.5331974646149243E-4
CASGLVLGVSGGPDYSEQFF	1.5331974646149243E-4
CASSESTRGYTF	1.5331974646149243E-4
CASSSTGFANNEQFF	1.5331974646149243E-4
CASSAPDRGRTEAFF	1.5331974646149243E-4
CASSSLDPIYGYTF	1.5331974646149243E-4
CASSYSVDKGGYTF	1.5331974646149243E-4
CASSYRGNEQFF	1.5331974646149243E-4
CASSDQPLDRGREKLFF	1.5331974646149243E-4
CTSSRAGYNEQFF	1.5331974646149243E-4
CASSHRGVDTQYF	1.5331974646149243E-4
CSVEDGRETQYF	1.5331974646149243E-4
CASSPTGDTEAFF	1.5331974646149243E-4
CASSRDAGAYEQYF	1.5331974646149243E-4
CASSQAGGDNSLLHF	1.5331974646149243E-4
CASGEEGGTEAFF	1.5331974646149243E-4
CASSPGQGDYGYTF	1.5331974646149243E-4
CSAMRTGSIGELFF	1.5331974646149243E-4
CSADVTDTQYF	1.5331974646149243E-4
CASSHPTRDGPETQYF	1.5331974646149243E-4
CVSGGPGDTQYF	1.5331974646149243E-4
CASKIRQGSEQYF	1.4958024045023653E-4
CASSLGGVGQPQHF	1.4958024045023653E-4
CASRAPVFLPRRGGRTQFF	1.4958024045023653E-4
CASSLGSRSEAFF	1.4958024045023653E-4
CATSRRGTANQPQHF	1.4958024045023653E-4
CAAQAGGADTQYF	1.4958024045023653E-4
CASSEPGYEQYF	1.4958024045023653E-4
CSVEDRLATEQFF	1.4958024045023653E-4
CSVEEWDYDYTF	1.4958024045023653E-4
CSVESRGREQFF	1.4958024045023653E-4
CSVMGDRGDGYTF	1.4958024045023653E-4
CASSRGPYSGNTIYF	1.4958024045023653E-4
CSARDGGRAETQYF	1.4958024045023653E-4
CSARDHGGQAFF	1.4958024045023653E-4
CASTIQGGNIQYF	1.4958024045023653E-4
CASSYKGIADIQYF	1.4958024045023653E-4
CASRVTGGGTEAFF	1.458407344389806E-4
CASSVAGGDTEAFF	1.458407344389806E-4
CASSLNEGFQETQYF	1.458407344389806E-4
CASSSVSGLGRETQYF	1.458407344389806E-4
CASSAPGQALNSPLHF	1.458407344389806E-4
CASTDGTGNTEAFF	1.458407344389806E-4
CASSLDVGTGELFF	1.458407344389806E-4
CASRTVPGETQYF	1.458407344389806E-4
CASRRITGTAMEPQHF	1.458407344389806E-4
CSVEPGTGNTGELFF	1.458407344389806E-4
CSGGVSGTEAFF	1.458407344389806E-4
CASSENGAEAFF	1.458407344389806E-4
CASSRWETQYF	1.458407344389806E-4
CASSISGATNEKLFF	1.458407344389806E-4
CSAYRGVEQYF	1.458407344389806E-4
CSARSGGDFYEQYF	1.458407344389806E-4
CSASFRQGLAEQYF	1.458407344389806E-4
CSASGTGRSYEQYF	1.458407344389806E-4
CSARDQHGYTF	1.458407344389806E-4
CSATGLAGAEDTQYF	1.458407344389806E-4
CSAPQGARGYGYTF	1.458407344389806E-4
CASSLETGDHEQYF	1.458407344389806E-4
CASSVDGGRAEAFF	1.421012284277247E-4
CASSPHRGPGNTIYF	1.421012284277247E-4
CASSLETGNEKLFF	1.421012284277247E-4
CASSEAIGDWYEQFF	1.421012284277247E-4
CASSEEPGWRRSSYEQYF	1.421012284277247E-4
CASSVRGRNEKLFF	1.421012284277247E-4
CASSKPGLAGGRSYNEQFF	1.421012284277247E-4
CASSPAGGNTKNIQYF	1.421012284277247E-4
CASSLRDAGDTQYF	1.421012284277247E-4
CASSPWTISADTQYF	1.421012284277247E-4
CASSMMSGVTGELFF	1.421012284277247E-4
CASGLTGTQRAFF	1.421012284277247E-4
CASSFSAGYTF	1.421012284277247E-4
CASSPTGTNQPQHF	1.3836172241646878E-4
CASNEGNRGSEKLFF	1.3836172241646878E-4
CASSLVGGGNTDTQYF	1.3836172241646878E-4
CASSFLAGATQETQYF	1.3836172241646878E-4
CATSRDRRVSGNTIYF	1.3836172241646878E-4
CASNQSLKSGTSRGNEQFF	1.3836172241646878E-4
CVSMDANTEAFF	1.3836172241646878E-4
CASSRGSGETQYF	1.3836172241646878E-4
CASSPRTSGGRGTDTQYF	1.3836172241646878E-4
CAISVKEDQPQHF	1.3836172241646878E-4
CAISEGTSGGADTQYF	1.3836172241646878E-4
CASGTVGGTLNTEAFF	1.3836172241646878E-4
CASSYSSLAGDQETQYF	1.3836172241646878E-4
CASSASGLHEQYF	1.3836172241646878E-4
CASSDWGLSAVGSPLHF	1.3836172241646878E-4
CASSEAGGRYGYTF	1.3836172241646878E-4
CASSEPNTEAFF	1.3836172241646878E-4
CSVEDPGLYGYTF	1.3836172241646878E-4
CSVAWGSFGAFF	1.3836172241646878E-4
CASSLQGGTSYEQYF	1.3836172241646878E-4
CASSSPGQGIYEQYF	1.3836172241646878E-4
CASKLYPGQKNTEAFF	1.3836172241646878E-4
CASSIGTADYEQYF	1.3836172241646878E-4
CSVSRSLRSNTEVFF	1.3836172241646878E-4
CSASSTSISYNEQFF	1.3836172241646878E-4
CSARRTTYEQFF	1.3836172241646878E-4
CSARFDRGVNTEAFF	1.3836172241646878E-4
CASRTKFGTAFQETQYF	1.3836172241646878E-4
CASSLISRGTQYF	1.3462221640521288E-4
CASSLEGLRPQETQYF	1.3462221640521288E-4
CASSAGRSSPSLFF	1.3462221640521288E-4
CATSRDLTSSSNQPQHF	1.3462221640521288E-4
CASSSSSSYNEQFF	1.3462221640521288E-4
CASSPPSLAPGGEQFF	1.3462221640521288E-4
CASSTPGQEYEQYF	1.3462221640521288E-4
CASSANWWTGLMEQYF	1.3462221640521288E-4
CSAGDGRGGGNTEAFF	1.3462221640521288E-4
CVSSITPQNIEAFF	1.3462221640521288E-4
CASSNTASGELFF	1.3462221640521288E-4
CSAFRQVYEQYF	1.3462221640521288E-4
CSARVPGTSYEQYF	1.3462221640521288E-4
CSARDFARDSEKLFF	1.3462221640521288E-4
CASSLTPAQETQYF	1.3462221640521288E-4
CASSQDRGGGRFKNIQYF	1.3462221640521288E-4
CASSWYRTDGYTF	1.3462221640521288E-4
CASRSGLQNTEAFF	1.3462221640521288E-4
CASSESAGGFYTEAFF	1.3088271039395696E-4
CASSPLAGPNTEAFF	1.3088271039395696E-4
CASSPGGVSDQPQHF	1.3088271039395696E-4
CASSLLISGAGSPLHF	1.3088271039395696E-4
CASSVQTANYGYTF	1.3088271039395696E-4
CASSSSGGLDEQFF	1.3088271039395696E-4
CASSRDFMNTEAFF	1.3088271039395696E-4
CSGSTGSNQPQHF	1.3088271039395696E-4
CASSKRENTEAFF	1.3088271039395696E-4
CASSQAPDRATYEQYF	1.3088271039395696E-4
CASSQASRSGETQYF	1.3088271039395696E-4
CASSSHYREQETQYF	1.3088271039395696E-4
CASSLRTGSTGELFF	1.3088271039395696E-4
CASTPLGGQGDEKLFF	1.3088271039395696E-4
CSAIAKGLARLGEQFF	1.3088271039395696E-4
CSARGLSRGLVAEEQYF	1.3088271039395696E-4
CSARMGEKNEKLFF	1.3088271039395696E-4
CSARDLSVATQAFF	1.3088271039395696E-4
CASSLSDRGKTQYF	1.3088271039395696E-4
CASGQGTEAFF	1.2714320438270106E-4
CASSRGTDYGYTF	1.2714320438270106E-4
CASTRTTGDTGELFF	1.2714320438270106E-4
CASSLDLGGEQYF	1.2714320438270106E-4
CASSRASERGYGYTF	1.2714320438270106E-4
CASRTGTGGNEQYF	1.2714320438270106E-4
CASWDSELSPLHF	1.2714320438270106E-4
CASRPGLGPDTQYF	1.2714320438270106E-4
CASTLLGGGETQYF	1.2714320438270106E-4
CASSGPRQNHEQYF	1.2714320438270106E-4
CASRRGMRDTEAFF	1.2714320438270106E-4
CASRRLGTDTQYF	1.2714320438270106E-4
CATRAGGKTQYF	1.2714320438270106E-4
CASRTLRDRGNTIYF	1.2714320438270106E-4
CASTEPGTSYGYTF	1.2714320438270106E-4
CASSLLSQRLGYTF	1.2714320438270106E-4
